<?xml version="1.0"?>
<font>
  <info face="arial" size="11"/>
  <common lineHeight="11"/>
  <pages>
    <page id="0" texture="arial.png"/>
  </pages>
  <chars>
    <char id="32" x="1" y="0" width="4" height="11" xoffset="0" yoffset="0" xadvance="6"/>
    <char id="97" x="6" y="0" width="5" height="11" xoffset="0" yoffset="0" xadvance="7"/>
    <char id="98" x="12" y="0" width="5" height="11" xoffset="0" yoffset="0" xadvance="7"/>
    <char id="99" x="19" y="0" width="4" height="11" xoffset="0" yoffset="0" xadvance="6"/>
    <char id="100" x="25" y="0" width="5" height="11" xoffset="0" yoffset="0" xadvance="7"/>
    <char id="101" x="32" y="0" width="5" height="11" xoffset="0" yoffset="0" xadvance="7"/>
    <char id="102" x="38" y="0" width="4" height="11" xoffset="0" yoffset="0" xadvance="6"/>
    <char id="103" x="43" y="0" width="5" height="11" xoffset="0" yoffset="0" xadvance="7"/>
    <char id="104" x="50" y="0" width="5" height="11" xoffset="0" yoffset="0" xadvance="7"/>
    <char id="105" x="56" y="0" width="1" height="11" xoffset="0" yoffset="0" xadvance="3"/>
    <char id="106" x="58" y="0" width="2" height="11" xoffset="0" yoffset="0" xadvance="4"/>
    <char id="107" x="62" y="0" width="5" height="11" xoffset="0" yoffset="0" xadvance="7"/>
    <char id="108" x="68" y="0" width="1" height="11" xoffset="0" yoffset="0" xadvance="3"/>
    <char id="109" x="71" y="0" width="9" height="11" xoffset="0" yoffset="0" xadvance="11"/>
    <char id="110" x="81" y="0" width="5" height="11" xoffset="0" yoffset="0" xadvance="7"/>
    <char id="111" x="87" y="0" width="5" height="11" xoffset="0" yoffset="0" xadvance="7"/>
    <char id="112" x="94" y="0" width="5" height="11" xoffset="0" yoffset="0" xadvance="7"/>
    <char id="113" x="101" y="0" width="5" height="11" xoffset="0" yoffset="0" xadvance="7"/>
    <char id="114" x="108" y="0" width="3" height="11" xoffset="0" yoffset="0" xadvance="5"/>
    <char id="115" x="112" y="0" width="5" height="11" xoffset="0" yoffset="0" xadvance="7"/>
    <char id="116" x="118" y="0" width="3" height="11" xoffset="0" yoffset="0" xadvance="5"/>
    <char id="117" x="122" y="0" width="5" height="11" xoffset="0" yoffset="0" xadvance="7"/>
    <char id="118" x="128" y="0" width="5" height="11" xoffset="0" yoffset="0" xadvance="7"/>
    <char id="119" x="134" y="0" width="9" height="11" xoffset="0" yoffset="0" xadvance="11"/>
    <char id="120" x="144" y="0" width="5" height="11" xoffset="0" yoffset="0" xadvance="7"/>
    <char id="121" x="150" y="0" width="5" height="11" xoffset="0" yoffset="0" xadvance="7"/>
    <char id="122" x="156" y="0" width="5" height="11" xoffset="0" yoffset="0" xadvance="7"/>
    <char id="65" x="162" y="0" width="7" height="11" xoffset="0" yoffset="0" xadvance="9"/>
    <char id="66" x="171" y="0" width="6" height="11" xoffset="0" yoffset="0" xadvance="8"/>
    <char id="67" x="179" y="0" width="7" height="11" xoffset="0" yoffset="0" xadvance="9"/>
    <char id="68" x="188" y="0" width="7" height="11" xoffset="0" yoffset="0" xadvance="9"/>
    <char id="69" x="196" y="0" width="6" height="11" xoffset="0" yoffset="0" xadvance="8"/>
    <char id="70" x="205" y="0" width="5" height="11" xoffset="0" yoffset="0" xadvance="7"/>
    <char id="71" x="212" y="0" width="7" height="11" xoffset="0" yoffset="0" xadvance="9"/>
    <char id="72" x="221" y="0" width="7" height="11" xoffset="0" yoffset="0" xadvance="9"/>
    <char id="73" x="230" y="0" width="1" height="11" xoffset="0" yoffset="0" xadvance="3"/>
    <char id="74" x="232" y="0" width="5" height="11" xoffset="0" yoffset="0" xadvance="7"/>
    <char id="75" x="239" y="0" width="7" height="11" xoffset="0" yoffset="0" xadvance="9"/>
    <char id="76" x="248" y="0" width="6" height="11" xoffset="0" yoffset="0" xadvance="8"/>
    <char id="77" x="255" y="0" width="7" height="11" xoffset="0" yoffset="0" xadvance="9"/>
    <char id="78" x="264" y="0" width="7" height="11" xoffset="0" yoffset="0" xadvance="9"/>
    <char id="79" x="273" y="0" width="7" height="11" xoffset="0" yoffset="0" xadvance="9"/>
    <char id="80" x="282" y="0" width="6" height="11" xoffset="0" yoffset="0" xadvance="8"/>
    <char id="81" x="291" y="0" width="7" height="11" xoffset="0" yoffset="0" xadvance="9"/>
    <char id="82" x="300" y="0" width="7" height="11" xoffset="0" yoffset="0" xadvance="9"/>
    <char id="83" x="309" y="0" width="6" height="11" xoffset="0" yoffset="0" xadvance="8"/>
    <char id="84" x="316" y="0" width="7" height="11" xoffset="0" yoffset="0" xadvance="9"/>
    <char id="85" x="324" y="0" width="7" height="11" xoffset="0" yoffset="0" xadvance="9"/>
    <char id="86" x="332" y="0" width="7" height="11" xoffset="0" yoffset="0" xadvance="9"/>
    <char id="87" x="340" y="0" width="11" height="11" xoffset="0" yoffset="0" xadvance="13"/>
    <char id="88" x="352" y="0" width="7" height="11" xoffset="0" yoffset="0" xadvance="9"/>
    <char id="89" x="360" y="0" width="7" height="11" xoffset="0" yoffset="0" xadvance="9"/>
    <char id="90" x="368" y="0" width="7" height="11" xoffset="0" yoffset="0" xadvance="9"/>
    <char id="48" x="377" y="0" width="5" height="11" xoffset="0" yoffset="0" xadvance="7"/>
    <char id="49" x="384" y="0" width="3" height="11" xoffset="0" yoffset="0" xadvance="5"/>
    <char id="50" x="390" y="0" width="5" height="11" xoffset="0" yoffset="0" xadvance="7"/>
    <char id="51" x="397" y="0" width="5" height="11" xoffset="0" yoffset="0" xadvance="7"/>
    <char id="52" x="404" y="0" width="5" height="11" xoffset="0" yoffset="0" xadvance="7"/>
    <char id="53" x="410" y="0" width="5" height="11" xoffset="0" yoffset="0" xadvance="7"/>
    <char id="54" x="417" y="0" width="5" height="11" xoffset="0" yoffset="0" xadvance="7"/>
    <char id="55" x="424" y="0" width="5" height="11" xoffset="0" yoffset="0" xadvance="7"/>
    <char id="56" x="431" y="0" width="5" height="11" xoffset="0" yoffset="0" xadvance="7"/>
    <char id="57" x="437" y="0" width="5" height="11" xoffset="0" yoffset="0" xadvance="7"/>
    <char id="46" x="444" y="0" width="1" height="11" xoffset="0" yoffset="0" xadvance="3"/>
    <char id="44" x="447" y="0" width="1" height="11" xoffset="0" yoffset="0" xadvance="3"/>
    <char id="33" x="451" y="0" width="1" height="11" xoffset="0" yoffset="0" xadvance="3"/>
    <char id="63" x="454" y="0" width="5" height="11" xoffset="0" yoffset="0" xadvance="7"/>
    <char id="45" x="460" y="0" width="3" height="11" xoffset="0" yoffset="0" xadvance="5"/>
    <char id="43" x="465" y="0" width="5" height="11" xoffset="0" yoffset="0" xadvance="7"/>
    <char id="47" x="471" y="0" width="3" height="11" xoffset="0" yoffset="0" xadvance="5"/>
    <char id="92" x="475" y="0" width="3" height="11" xoffset="0" yoffset="0" xadvance="5"/>
    <char id="58" x="479" y="0" width="1" height="11" xoffset="0" yoffset="0" xadvance="3"/>
    <char id="59" x="482" y="0" width="1" height="11" xoffset="0" yoffset="0" xadvance="3"/>
    <char id="37" x="486" y="0" width="9" height="11" xoffset="0" yoffset="0" xadvance="11"/>
    <char id="38" x="496" y="0" width="7" height="11" xoffset="0" yoffset="0" xadvance="9"/>
    <char id="96" x="504" y="0" width="2" height="11" xoffset="0" yoffset="0" xadvance="4"/>
    <char id="39" x="508" y="0" width="1" height="11" xoffset="0" yoffset="0" xadvance="3"/>
    <char id="42" x="510" y="0" width="5" height="11" xoffset="0" yoffset="0" xadvance="7"/>
    <char id="35" x="516" y="0" width="7" height="11" xoffset="0" yoffset="0" xadvance="9"/>
    <char id="61" x="524" y="0" width="6" height="11" xoffset="0" yoffset="0" xadvance="8"/>
    <char id="34" x="531" y="0" width="3" height="11" xoffset="0" yoffset="0" xadvance="5"/>
    <char id="36" x="535" y="0" width="5" height="11" xoffset="0" yoffset="0" xadvance="7"/>
    <char id="40" x="541" y="0" width="3" height="11" xoffset="0" yoffset="0" xadvance="5"/>
    <char id="41" x="545" y="0" width="3" height="11" xoffset="0" yoffset="0" xadvance="5"/>
    <char id="60" x="549" y="0" width="4" height="11" xoffset="0" yoffset="0" xadvance="6"/>
    <char id="62" x="554" y="0" width="4" height="11" xoffset="0" yoffset="0" xadvance="6"/>
    <char id="123" x="559" y="0" width="4" height="11" xoffset="0" yoffset="0" xadvance="6"/>
    <char id="125" x="564" y="0" width="4" height="11" xoffset="0" yoffset="0" xadvance="6"/>
    <char id="124" x="569" y="0" width="5" height="11" xoffset="0" yoffset="0" xadvance="7"/>
    <char id="124" x="575" y="0" width="2" height="11" xoffset="0" yoffset="0" xadvance="4"/>
    <char id="124" x="578" y="0" width="5" height="11" xoffset="0" yoffset="0" xadvance="7"/>
    <char id="124" x="585" y="0" width="5" height="11" xoffset="0" yoffset="0" xadvance="7"/>
    <char id="124" x="591" y="0" width="5" height="11" xoffset="0" yoffset="0" xadvance="7"/>
    <char id="124" x="597" y="0" width="5" height="11" xoffset="0" yoffset="0" xadvance="7"/>
    <char id="124" x="603" y="0" width="1" height="11" xoffset="0" yoffset="0" xadvance="3"/>
    <char id="124" x="606" y="0" width="5" height="11" xoffset="0" yoffset="0" xadvance="7"/>
    <char id="124" x="612" y="0" width="5" height="11" xoffset="0" yoffset="0" xadvance="7"/>
    <char id="94" x="618" y="0" width="6" height="11" xoffset="0" yoffset="0" xadvance="8"/>
  </chars>
</font>