<?xml version="1.0"?>
<font>
  <info face="big" size="16"/>
  <common lineHeight="16"/>
  <pages>
    <page id="0" texture="big.png"/>
  </pages>
  <chars>
    <char id="32" x="1" y="0" width="9" height="16" xoffset="0" yoffset="0" xadvance="11"/>
    <char id="97" x="11" y="0" width="10" height="16" xoffset="0" yoffset="0" xadvance="12"/>
    <char id="98" x="23" y="0" width="10" height="16" xoffset="0" yoffset="0" xadvance="12"/>
    <char id="99" x="35" y="0" width="10" height="16" xoffset="0" yoffset="0" xadvance="12"/>
    <char id="100" x="47" y="0" width="10" height="16" xoffset="0" yoffset="0" xadvance="12"/>
    <char id="101" x="59" y="0" width="10" height="16" xoffset="0" yoffset="0" xadvance="12"/>
    <char id="102" x="71" y="0" width="10" height="16" xoffset="0" yoffset="0" xadvance="12"/>
    <char id="103" x="83" y="0" width="10" height="16" xoffset="0" yoffset="0" xadvance="12"/>
    <char id="104" x="95" y="0" width="10" height="16" xoffset="0" yoffset="0" xadvance="12"/>
    <char id="105" x="107" y="0" width="2" height="16" xoffset="0" yoffset="0" xadvance="4"/>
    <char id="106" x="111" y="0" width="10" height="16" xoffset="0" yoffset="0" xadvance="12"/>
    <char id="107" x="123" y="0" width="10" height="16" xoffset="0" yoffset="0" xadvance="12"/>
    <char id="108" x="135" y="0" width="10" height="16" xoffset="0" yoffset="0" xadvance="12"/>
    <char id="109" x="147" y="0" width="14" height="16" xoffset="0" yoffset="0" xadvance="16"/>
    <char id="110" x="163" y="0" width="10" height="16" xoffset="0" yoffset="0" xadvance="12"/>
    <char id="111" x="175" y="0" width="10" height="16" xoffset="0" yoffset="0" xadvance="12"/>
    <char id="112" x="187" y="0" width="10" height="16" xoffset="0" yoffset="0" xadvance="12"/>
    <char id="113" x="199" y="0" width="10" height="16" xoffset="0" yoffset="0" xadvance="12"/>
    <char id="114" x="211" y="0" width="10" height="16" xoffset="0" yoffset="0" xadvance="12"/>
    <char id="115" x="223" y="0" width="10" height="16" xoffset="0" yoffset="0" xadvance="12"/>
    <char id="116" x="235" y="0" width="10" height="16" xoffset="0" yoffset="0" xadvance="12"/>
    <char id="117" x="247" y="0" width="10" height="16" xoffset="0" yoffset="0" xadvance="12"/>
    <char id="118" x="259" y="0" width="10" height="16" xoffset="0" yoffset="0" xadvance="12"/>
    <char id="119" x="271" y="0" width="14" height="16" xoffset="0" yoffset="0" xadvance="16"/>
    <char id="120" x="287" y="0" width="10" height="16" xoffset="0" yoffset="0" xadvance="12"/>
    <char id="121" x="299" y="0" width="10" height="16" xoffset="0" yoffset="0" xadvance="12"/>
    <char id="122" x="311" y="0" width="10" height="16" xoffset="0" yoffset="0" xadvance="12"/>
    <char id="65" x="323" y="0" width="10" height="16" xoffset="0" yoffset="0" xadvance="12"/>
    <char id="66" x="335" y="0" width="10" height="16" xoffset="0" yoffset="0" xadvance="12"/>
    <char id="67" x="347" y="0" width="10" height="16" xoffset="0" yoffset="0" xadvance="12"/>
    <char id="68" x="359" y="0" width="10" height="16" xoffset="0" yoffset="0" xadvance="12"/>
    <char id="69" x="371" y="0" width="10" height="16" xoffset="0" yoffset="0" xadvance="12"/>
    <char id="70" x="383" y="0" width="10" height="16" xoffset="0" yoffset="0" xadvance="12"/>
    <char id="71" x="395" y="0" width="10" height="16" xoffset="0" yoffset="0" xadvance="12"/>
    <char id="72" x="407" y="0" width="10" height="16" xoffset="0" yoffset="0" xadvance="12"/>
    <char id="73" x="419" y="0" width="2" height="16" xoffset="0" yoffset="0" xadvance="4"/>
    <char id="74" x="423" y="0" width="10" height="16" xoffset="0" yoffset="0" xadvance="12"/>
    <char id="75" x="435" y="0" width="10" height="16" xoffset="0" yoffset="0" xadvance="12"/>
    <char id="76" x="447" y="0" width="10" height="16" xoffset="0" yoffset="0" xadvance="12"/>
    <char id="77" x="459" y="0" width="14" height="16" xoffset="0" yoffset="0" xadvance="16"/>
    <char id="78" x="475" y="0" width="10" height="16" xoffset="0" yoffset="0" xadvance="12"/>
    <char id="79" x="487" y="0" width="10" height="16" xoffset="0" yoffset="0" xadvance="12"/>
    <char id="80" x="499" y="0" width="10" height="16" xoffset="0" yoffset="0" xadvance="12"/>
    <char id="81" x="511" y="0" width="10" height="16" xoffset="0" yoffset="0" xadvance="12"/>
    <char id="82" x="523" y="0" width="10" height="16" xoffset="0" yoffset="0" xadvance="12"/>
    <char id="83" x="535" y="0" width="10" height="16" xoffset="0" yoffset="0" xadvance="12"/>
    <char id="84" x="547" y="0" width="10" height="16" xoffset="0" yoffset="0" xadvance="12"/>
    <char id="85" x="559" y="0" width="10" height="16" xoffset="0" yoffset="0" xadvance="12"/>
    <char id="86" x="571" y="0" width="10" height="16" xoffset="0" yoffset="0" xadvance="12"/>
    <char id="87" x="583" y="0" width="14" height="16" xoffset="0" yoffset="0" xadvance="16"/>
    <char id="88" x="599" y="0" width="10" height="16" xoffset="0" yoffset="0" xadvance="12"/>
    <char id="89" x="611" y="0" width="10" height="16" xoffset="0" yoffset="0" xadvance="12"/>
    <char id="90" x="623" y="0" width="10" height="16" xoffset="0" yoffset="0" xadvance="12"/>
    <char id="48" x="635" y="0" width="10" height="16" xoffset="0" yoffset="0" xadvance="12"/>
    <char id="49" x="647" y="0" width="6" height="16" xoffset="0" yoffset="0" xadvance="8"/>
    <char id="50" x="655" y="0" width="10" height="16" xoffset="0" yoffset="0" xadvance="12"/>
    <char id="51" x="667" y="0" width="10" height="16" xoffset="0" yoffset="0" xadvance="12"/>
    <char id="52" x="679" y="0" width="10" height="16" xoffset="0" yoffset="0" xadvance="12"/>
    <char id="53" x="691" y="0" width="10" height="16" xoffset="0" yoffset="0" xadvance="12"/>
    <char id="54" x="703" y="0" width="10" height="16" xoffset="0" yoffset="0" xadvance="12"/>
    <char id="55" x="715" y="0" width="10" height="16" xoffset="0" yoffset="0" xadvance="12"/>
    <char id="56" x="727" y="0" width="10" height="16" xoffset="0" yoffset="0" xadvance="12"/>
    <char id="57" x="739" y="0" width="10" height="16" xoffset="0" yoffset="0" xadvance="12"/>
    <char id="46" x="751" y="0" width="2" height="16" xoffset="0" yoffset="0" xadvance="4"/>
    <char id="44" x="755" y="0" width="2" height="16" xoffset="0" yoffset="0" xadvance="4"/>
    <char id="33" x="759" y="0" width="2" height="16" xoffset="0" yoffset="0" xadvance="4"/>
    <char id="63" x="763" y="0" width="10" height="16" xoffset="0" yoffset="0" xadvance="12"/>
    <char id="45" x="775" y="0" width="6" height="16" xoffset="0" yoffset="0" xadvance="8"/>
    <char id="43" x="783" y="0" width="10" height="16" xoffset="0" yoffset="0" xadvance="12"/>
    <char id="47" x="795" y="0" width="10" height="16" xoffset="0" yoffset="0" xadvance="12"/>
    <char id="92" x="807" y="0" width="10" height="16" xoffset="0" yoffset="0" xadvance="12"/>
    <char id="58" x="819" y="0" width="2" height="16" xoffset="0" yoffset="0" xadvance="4"/>
    <char id="59" x="823" y="0" width="2" height="16" xoffset="0" yoffset="0" xadvance="4"/>
    <char id="37" x="827" y="0" width="10" height="16" xoffset="0" yoffset="0" xadvance="12"/>
    <char id="38" x="839" y="0" width="10" height="16" xoffset="0" yoffset="0" xadvance="12"/>
    <char id="96" x="851" y="0" width="2" height="16" xoffset="0" yoffset="0" xadvance="4"/>
    <char id="39" x="855" y="0" width="2" height="16" xoffset="0" yoffset="0" xadvance="4"/>
    <char id="42" x="859" y="0" width="6" height="16" xoffset="0" yoffset="0" xadvance="8"/>
    <char id="35" x="867" y="0" width="10" height="16" xoffset="0" yoffset="0" xadvance="12"/>
    <char id="61" x="879" y="0" width="10" height="16" xoffset="0" yoffset="0" xadvance="12"/>
    <char id="34" x="891" y="0" width="6" height="16" xoffset="0" yoffset="0" xadvance="8"/>
    <char id="36" x="899" y="0" width="12" height="16" xoffset="0" yoffset="0" xadvance="14"/>
    <char id="40" x="913" y="0" width="8" height="16" xoffset="0" yoffset="0" xadvance="10"/>
    <char id="41" x="923" y="0" width="8" height="16" xoffset="0" yoffset="0" xadvance="10"/>
    <char id="60" x="933" y="0" width="8" height="16" xoffset="0" yoffset="0" xadvance="10"/>
    <char id="62" x="943" y="0" width="7" height="16" xoffset="0" yoffset="0" xadvance="9"/>
    <char id="123" x="952" y="0" width="8" height="16" xoffset="0" yoffset="0" xadvance="10"/>
    <char id="125" x="962" y="0" width="8" height="16" xoffset="0" yoffset="0" xadvance="10"/>
    <char id="124" x="972" y="0" width="10" height="16" xoffset="0" yoffset="0" xadvance="12"/>
    <char id="124" x="984" y="0" width="2" height="16" xoffset="0" yoffset="0" xadvance="4"/>
    <char id="124" x="988" y="0" width="10" height="16" xoffset="0" yoffset="0" xadvance="12"/>
    <char id="124" x="1000" y="0" width="10" height="16" xoffset="0" yoffset="0" xadvance="12"/>
    <char id="124" x="1012" y="0" width="10" height="16" xoffset="0" yoffset="0" xadvance="12"/>
    <char id="124" x="1024" y="0" width="10" height="16" xoffset="0" yoffset="0" xadvance="12"/>
    <char id="124" x="1036" y="0" width="2" height="16" xoffset="0" yoffset="0" xadvance="4"/>
    <char id="124" x="1040" y="0" width="10" height="16" xoffset="0" yoffset="0" xadvance="12"/>
    <char id="124" x="1052" y="0" width="10" height="16" xoffset="0" yoffset="0" xadvance="12"/>
    <char id="94" x="1064" y="0" width="10" height="16" xoffset="0" yoffset="0" xadvance="12"/>
  </chars>
</font>