<?xml version="1.0"?>
<font>
  <info face="courier" size="18"/>
  <common lineHeight="18"/>
  <pages>
    <page id="0" texture="courier.png"/>
  </pages>
  <chars>
    <char id="32" x="1" y="0" width="11" height="18" xoffset="0" yoffset="0" xadvance="13"/>
    <char id="97" x="14" y="0" width="11" height="18" xoffset="0" yoffset="0" xadvance="13"/>
    <char id="98" x="27" y="0" width="11" height="18" xoffset="0" yoffset="0" xadvance="13"/>
    <char id="99" x="40" y="0" width="11" height="18" xoffset="0" yoffset="0" xadvance="13"/>
    <char id="100" x="53" y="0" width="11" height="18" xoffset="0" yoffset="0" xadvance="13"/>
    <char id="101" x="66" y="0" width="11" height="18" xoffset="0" yoffset="0" xadvance="13"/>
    <char id="102" x="79" y="0" width="11" height="18" xoffset="0" yoffset="0" xadvance="13"/>
    <char id="103" x="92" y="0" width="11" height="18" xoffset="0" yoffset="0" xadvance="13"/>
    <char id="104" x="105" y="0" width="11" height="18" xoffset="0" yoffset="0" xadvance="13"/>
    <char id="105" x="118" y="0" width="11" height="18" xoffset="0" yoffset="0" xadvance="13"/>
    <char id="106" x="131" y="0" width="11" height="18" xoffset="0" yoffset="0" xadvance="13"/>
    <char id="107" x="144" y="0" width="11" height="18" xoffset="0" yoffset="0" xadvance="13"/>
    <char id="108" x="157" y="0" width="11" height="18" xoffset="0" yoffset="0" xadvance="13"/>
    <char id="109" x="170" y="0" width="11" height="18" xoffset="0" yoffset="0" xadvance="13"/>
    <char id="110" x="183" y="0" width="11" height="18" xoffset="0" yoffset="0" xadvance="13"/>
    <char id="111" x="196" y="0" width="11" height="18" xoffset="0" yoffset="0" xadvance="13"/>
    <char id="112" x="209" y="0" width="11" height="18" xoffset="0" yoffset="0" xadvance="13"/>
    <char id="113" x="222" y="0" width="11" height="18" xoffset="0" yoffset="0" xadvance="13"/>
    <char id="114" x="235" y="0" width="11" height="18" xoffset="0" yoffset="0" xadvance="13"/>
    <char id="115" x="248" y="0" width="11" height="18" xoffset="0" yoffset="0" xadvance="13"/>
    <char id="116" x="261" y="0" width="11" height="18" xoffset="0" yoffset="0" xadvance="13"/>
    <char id="117" x="274" y="0" width="11" height="18" xoffset="0" yoffset="0" xadvance="13"/>
    <char id="118" x="287" y="0" width="11" height="18" xoffset="0" yoffset="0" xadvance="13"/>
    <char id="119" x="300" y="0" width="11" height="18" xoffset="0" yoffset="0" xadvance="13"/>
    <char id="120" x="313" y="0" width="11" height="18" xoffset="0" yoffset="0" xadvance="13"/>
    <char id="121" x="326" y="0" width="11" height="18" xoffset="0" yoffset="0" xadvance="13"/>
    <char id="122" x="339" y="0" width="11" height="18" xoffset="0" yoffset="0" xadvance="13"/>
    <char id="65" x="352" y="0" width="11" height="18" xoffset="0" yoffset="0" xadvance="13"/>
    <char id="66" x="365" y="0" width="11" height="18" xoffset="0" yoffset="0" xadvance="13"/>
    <char id="67" x="378" y="0" width="11" height="18" xoffset="0" yoffset="0" xadvance="13"/>
    <char id="68" x="391" y="0" width="11" height="18" xoffset="0" yoffset="0" xadvance="13"/>
    <char id="69" x="404" y="0" width="11" height="18" xoffset="0" yoffset="0" xadvance="13"/>
    <char id="70" x="417" y="0" width="11" height="18" xoffset="0" yoffset="0" xadvance="13"/>
    <char id="71" x="430" y="0" width="11" height="18" xoffset="0" yoffset="0" xadvance="13"/>
    <char id="72" x="443" y="0" width="11" height="18" xoffset="0" yoffset="0" xadvance="13"/>
    <char id="73" x="456" y="0" width="11" height="18" xoffset="0" yoffset="0" xadvance="13"/>
    <char id="74" x="469" y="0" width="11" height="18" xoffset="0" yoffset="0" xadvance="13"/>
    <char id="75" x="482" y="0" width="11" height="18" xoffset="0" yoffset="0" xadvance="13"/>
    <char id="76" x="495" y="0" width="11" height="18" xoffset="0" yoffset="0" xadvance="13"/>
    <char id="77" x="508" y="0" width="11" height="18" xoffset="0" yoffset="0" xadvance="13"/>
    <char id="78" x="521" y="0" width="11" height="18" xoffset="0" yoffset="0" xadvance="13"/>
    <char id="79" x="534" y="0" width="11" height="18" xoffset="0" yoffset="0" xadvance="13"/>
    <char id="80" x="547" y="0" width="11" height="18" xoffset="0" yoffset="0" xadvance="13"/>
    <char id="81" x="560" y="0" width="11" height="18" xoffset="0" yoffset="0" xadvance="13"/>
    <char id="82" x="573" y="0" width="11" height="18" xoffset="0" yoffset="0" xadvance="13"/>
    <char id="83" x="586" y="0" width="11" height="18" xoffset="0" yoffset="0" xadvance="13"/>
    <char id="84" x="599" y="0" width="11" height="18" xoffset="0" yoffset="0" xadvance="13"/>
    <char id="85" x="612" y="0" width="11" height="18" xoffset="0" yoffset="0" xadvance="13"/>
    <char id="86" x="625" y="0" width="11" height="18" xoffset="0" yoffset="0" xadvance="13"/>
    <char id="87" x="638" y="0" width="11" height="18" xoffset="0" yoffset="0" xadvance="13"/>
    <char id="88" x="651" y="0" width="11" height="18" xoffset="0" yoffset="0" xadvance="13"/>
    <char id="89" x="664" y="0" width="11" height="18" xoffset="0" yoffset="0" xadvance="13"/>
    <char id="90" x="677" y="0" width="11" height="18" xoffset="0" yoffset="0" xadvance="13"/>
    <char id="48" x="690" y="0" width="11" height="18" xoffset="0" yoffset="0" xadvance="13"/>
    <char id="49" x="703" y="0" width="11" height="18" xoffset="0" yoffset="0" xadvance="13"/>
    <char id="50" x="716" y="0" width="11" height="18" xoffset="0" yoffset="0" xadvance="13"/>
    <char id="51" x="729" y="0" width="11" height="18" xoffset="0" yoffset="0" xadvance="13"/>
    <char id="52" x="742" y="0" width="11" height="18" xoffset="0" yoffset="0" xadvance="13"/>
    <char id="53" x="755" y="0" width="11" height="18" xoffset="0" yoffset="0" xadvance="13"/>
    <char id="54" x="768" y="0" width="11" height="18" xoffset="0" yoffset="0" xadvance="13"/>
    <char id="55" x="781" y="0" width="11" height="18" xoffset="0" yoffset="0" xadvance="13"/>
    <char id="56" x="794" y="0" width="11" height="18" xoffset="0" yoffset="0" xadvance="13"/>
    <char id="57" x="807" y="0" width="11" height="18" xoffset="0" yoffset="0" xadvance="13"/>
    <char id="46" x="820" y="0" width="11" height="18" xoffset="0" yoffset="0" xadvance="13"/>
    <char id="44" x="833" y="0" width="11" height="18" xoffset="0" yoffset="0" xadvance="13"/>
    <char id="33" x="846" y="0" width="11" height="18" xoffset="0" yoffset="0" xadvance="13"/>
    <char id="63" x="859" y="0" width="11" height="18" xoffset="0" yoffset="0" xadvance="13"/>
    <char id="45" x="872" y="0" width="11" height="18" xoffset="0" yoffset="0" xadvance="13"/>
    <char id="43" x="885" y="0" width="11" height="18" xoffset="0" yoffset="0" xadvance="13"/>
    <char id="47" x="898" y="0" width="11" height="18" xoffset="0" yoffset="0" xadvance="13"/>
    <char id="92" x="911" y="0" width="11" height="18" xoffset="0" yoffset="0" xadvance="13"/>
    <char id="58" x="924" y="0" width="11" height="18" xoffset="0" yoffset="0" xadvance="13"/>
    <char id="59" x="937" y="0" width="11" height="18" xoffset="0" yoffset="0" xadvance="13"/>
    <char id="37" x="950" y="0" width="11" height="18" xoffset="0" yoffset="0" xadvance="13"/>
    <char id="38" x="963" y="0" width="11" height="18" xoffset="0" yoffset="0" xadvance="13"/>
    <char id="96" x="976" y="0" width="11" height="18" xoffset="0" yoffset="0" xadvance="13"/>
    <char id="39" x="989" y="0" width="11" height="18" xoffset="0" yoffset="0" xadvance="13"/>
    <char id="42" x="1002" y="0" width="11" height="18" xoffset="0" yoffset="0" xadvance="13"/>
    <char id="35" x="1015" y="0" width="11" height="18" xoffset="0" yoffset="0" xadvance="13"/>
    <char id="61" x="1028" y="0" width="11" height="18" xoffset="0" yoffset="0" xadvance="13"/>
    <char id="34" x="1041" y="0" width="11" height="18" xoffset="0" yoffset="0" xadvance="13"/>
    <char id="36" x="1054" y="0" width="11" height="18" xoffset="0" yoffset="0" xadvance="13"/>
    <char id="40" x="1067" y="0" width="11" height="18" xoffset="0" yoffset="0" xadvance="13"/>
    <char id="41" x="1080" y="0" width="11" height="18" xoffset="0" yoffset="0" xadvance="13"/>
    <char id="60" x="1093" y="0" width="11" height="18" xoffset="0" yoffset="0" xadvance="13"/>
    <char id="62" x="1106" y="0" width="11" height="18" xoffset="0" yoffset="0" xadvance="13"/>
    <char id="123" x="1119" y="0" width="11" height="18" xoffset="0" yoffset="0" xadvance="13"/>
    <char id="125" x="1132" y="0" width="11" height="18" xoffset="0" yoffset="0" xadvance="13"/>
    <char id="124" x="1145" y="0" width="11" height="18" xoffset="0" yoffset="0" xadvance="13"/>
    <char id="124" x="1158" y="0" width="11" height="18" xoffset="0" yoffset="0" xadvance="13"/>
    <char id="124" x="1171" y="0" width="11" height="18" xoffset="0" yoffset="0" xadvance="13"/>
    <char id="124" x="1184" y="0" width="11" height="18" xoffset="0" yoffset="0" xadvance="13"/>
    <char id="124" x="1197" y="0" width="11" height="18" xoffset="0" yoffset="0" xadvance="13"/>
    <char id="124" x="1210" y="0" width="11" height="18" xoffset="0" yoffset="0" xadvance="13"/>
    <char id="124" x="1223" y="0" width="11" height="18" xoffset="0" yoffset="0" xadvance="13"/>
    <char id="124" x="1236" y="0" width="11" height="18" xoffset="0" yoffset="0" xadvance="13"/>
    <char id="124" x="1249" y="0" width="11" height="18" xoffset="0" yoffset="0" xadvance="13"/>
    <char id="94" x="1262" y="0" width="11" height="18" xoffset="0" yoffset="0" xadvance="13"/>
  </chars>
</font>