<?xml version="1.0"?>
<font>
  <info face="small" size="8"/>
  <common lineHeight="8"/>
  <pages>
    <page id="0" texture="small.png"/>
  </pages>
  <chars>
    <char id="32" x="1" y="0" width="4" height="8" xoffset="0" yoffset="0" xadvance="6"/>
    <char id="97" x="6" y="0" width="5" height="8" xoffset="0" yoffset="0" xadvance="7"/>
    <char id="98" x="12" y="0" width="5" height="8" xoffset="0" yoffset="0" xadvance="7"/>
    <char id="99" x="18" y="0" width="5" height="8" xoffset="0" yoffset="0" xadvance="7"/>
    <char id="100" x="24" y="0" width="5" height="8" xoffset="0" yoffset="0" xadvance="7"/>
    <char id="101" x="30" y="0" width="5" height="8" xoffset="0" yoffset="0" xadvance="7"/>
    <char id="102" x="36" y="0" width="5" height="8" xoffset="0" yoffset="0" xadvance="7"/>
    <char id="103" x="42" y="0" width="5" height="8" xoffset="0" yoffset="0" xadvance="7"/>
    <char id="104" x="48" y="0" width="5" height="8" xoffset="0" yoffset="0" xadvance="7"/>
    <char id="105" x="54" y="0" width="1" height="8" xoffset="0" yoffset="0" xadvance="3"/>
    <char id="106" x="56" y="0" width="5" height="8" xoffset="0" yoffset="0" xadvance="7"/>
    <char id="107" x="62" y="0" width="5" height="8" xoffset="0" yoffset="0" xadvance="7"/>
    <char id="108" x="68" y="0" width="5" height="8" xoffset="0" yoffset="0" xadvance="7"/>
    <char id="109" x="74" y="0" width="7" height="8" xoffset="0" yoffset="0" xadvance="9"/>
    <char id="110" x="82" y="0" width="5" height="8" xoffset="0" yoffset="0" xadvance="7"/>
    <char id="111" x="88" y="0" width="5" height="8" xoffset="0" yoffset="0" xadvance="7"/>
    <char id="112" x="94" y="0" width="5" height="8" xoffset="0" yoffset="0" xadvance="7"/>
    <char id="113" x="100" y="0" width="5" height="8" xoffset="0" yoffset="0" xadvance="7"/>
    <char id="114" x="106" y="0" width="5" height="8" xoffset="0" yoffset="0" xadvance="7"/>
    <char id="115" x="112" y="0" width="5" height="8" xoffset="0" yoffset="0" xadvance="7"/>
    <char id="116" x="118" y="0" width="5" height="8" xoffset="0" yoffset="0" xadvance="7"/>
    <char id="117" x="124" y="0" width="5" height="8" xoffset="0" yoffset="0" xadvance="7"/>
    <char id="118" x="130" y="0" width="5" height="8" xoffset="0" yoffset="0" xadvance="7"/>
    <char id="119" x="136" y="0" width="7" height="8" xoffset="0" yoffset="0" xadvance="9"/>
    <char id="120" x="144" y="0" width="5" height="8" xoffset="0" yoffset="0" xadvance="7"/>
    <char id="121" x="150" y="0" width="5" height="8" xoffset="0" yoffset="0" xadvance="7"/>
    <char id="122" x="156" y="0" width="5" height="8" xoffset="0" yoffset="0" xadvance="7"/>
    <char id="65" x="162" y="0" width="5" height="8" xoffset="0" yoffset="0" xadvance="7"/>
    <char id="66" x="168" y="0" width="5" height="8" xoffset="0" yoffset="0" xadvance="7"/>
    <char id="67" x="174" y="0" width="5" height="8" xoffset="0" yoffset="0" xadvance="7"/>
    <char id="68" x="180" y="0" width="5" height="8" xoffset="0" yoffset="0" xadvance="7"/>
    <char id="69" x="186" y="0" width="5" height="8" xoffset="0" yoffset="0" xadvance="7"/>
    <char id="70" x="192" y="0" width="5" height="8" xoffset="0" yoffset="0" xadvance="7"/>
    <char id="71" x="198" y="0" width="5" height="8" xoffset="0" yoffset="0" xadvance="7"/>
    <char id="72" x="204" y="0" width="5" height="8" xoffset="0" yoffset="0" xadvance="7"/>
    <char id="73" x="210" y="0" width="1" height="8" xoffset="0" yoffset="0" xadvance="3"/>
    <char id="74" x="212" y="0" width="5" height="8" xoffset="0" yoffset="0" xadvance="7"/>
    <char id="75" x="218" y="0" width="5" height="8" xoffset="0" yoffset="0" xadvance="7"/>
    <char id="76" x="224" y="0" width="5" height="8" xoffset="0" yoffset="0" xadvance="7"/>
    <char id="77" x="230" y="0" width="7" height="8" xoffset="0" yoffset="0" xadvance="9"/>
    <char id="78" x="238" y="0" width="5" height="8" xoffset="0" yoffset="0" xadvance="7"/>
    <char id="79" x="244" y="0" width="5" height="8" xoffset="0" yoffset="0" xadvance="7"/>
    <char id="80" x="250" y="0" width="5" height="8" xoffset="0" yoffset="0" xadvance="7"/>
    <char id="81" x="256" y="0" width="5" height="8" xoffset="0" yoffset="0" xadvance="7"/>
    <char id="82" x="262" y="0" width="5" height="8" xoffset="0" yoffset="0" xadvance="7"/>
    <char id="83" x="268" y="0" width="5" height="8" xoffset="0" yoffset="0" xadvance="7"/>
    <char id="84" x="274" y="0" width="5" height="8" xoffset="0" yoffset="0" xadvance="7"/>
    <char id="85" x="280" y="0" width="5" height="8" xoffset="0" yoffset="0" xadvance="7"/>
    <char id="86" x="286" y="0" width="5" height="8" xoffset="0" yoffset="0" xadvance="7"/>
    <char id="87" x="292" y="0" width="7" height="8" xoffset="0" yoffset="0" xadvance="9"/>
    <char id="88" x="300" y="0" width="5" height="8" xoffset="0" yoffset="0" xadvance="7"/>
    <char id="89" x="306" y="0" width="5" height="8" xoffset="0" yoffset="0" xadvance="7"/>
    <char id="90" x="312" y="0" width="5" height="8" xoffset="0" yoffset="0" xadvance="7"/>
    <char id="48" x="318" y="0" width="5" height="8" xoffset="0" yoffset="0" xadvance="7"/>
    <char id="49" x="324" y="0" width="3" height="8" xoffset="0" yoffset="0" xadvance="5"/>
    <char id="50" x="328" y="0" width="5" height="8" xoffset="0" yoffset="0" xadvance="7"/>
    <char id="51" x="334" y="0" width="5" height="8" xoffset="0" yoffset="0" xadvance="7"/>
    <char id="52" x="340" y="0" width="5" height="8" xoffset="0" yoffset="0" xadvance="7"/>
    <char id="53" x="346" y="0" width="5" height="8" xoffset="0" yoffset="0" xadvance="7"/>
    <char id="54" x="352" y="0" width="5" height="8" xoffset="0" yoffset="0" xadvance="7"/>
    <char id="55" x="358" y="0" width="5" height="8" xoffset="0" yoffset="0" xadvance="7"/>
    <char id="56" x="364" y="0" width="5" height="8" xoffset="0" yoffset="0" xadvance="7"/>
    <char id="57" x="370" y="0" width="5" height="8" xoffset="0" yoffset="0" xadvance="7"/>
    <char id="46" x="376" y="0" width="1" height="8" xoffset="0" yoffset="0" xadvance="3"/>
    <char id="44" x="378" y="0" width="1" height="8" xoffset="0" yoffset="0" xadvance="3"/>
    <char id="33" x="380" y="0" width="1" height="8" xoffset="0" yoffset="0" xadvance="3"/>
    <char id="63" x="382" y="0" width="5" height="8" xoffset="0" yoffset="0" xadvance="7"/>
    <char id="45" x="388" y="0" width="3" height="8" xoffset="0" yoffset="0" xadvance="5"/>
    <char id="43" x="392" y="0" width="5" height="8" xoffset="0" yoffset="0" xadvance="7"/>
    <char id="47" x="398" y="0" width="5" height="8" xoffset="0" yoffset="0" xadvance="7"/>
    <char id="92" x="404" y="0" width="5" height="8" xoffset="0" yoffset="0" xadvance="7"/>
    <char id="58" x="410" y="0" width="1" height="8" xoffset="0" yoffset="0" xadvance="3"/>
    <char id="59" x="412" y="0" width="1" height="8" xoffset="0" yoffset="0" xadvance="3"/>
    <char id="37" x="414" y="0" width="5" height="8" xoffset="0" yoffset="0" xadvance="7"/>
    <char id="38" x="420" y="0" width="5" height="8" xoffset="0" yoffset="0" xadvance="7"/>
    <char id="96" x="426" y="0" width="1" height="8" xoffset="0" yoffset="0" xadvance="3"/>
    <char id="39" x="428" y="0" width="1" height="8" xoffset="0" yoffset="0" xadvance="3"/>
    <char id="42" x="430" y="0" width="3" height="8" xoffset="0" yoffset="0" xadvance="5"/>
    <char id="35" x="434" y="0" width="5" height="8" xoffset="0" yoffset="0" xadvance="7"/>
    <char id="61" x="440" y="0" width="5" height="8" xoffset="0" yoffset="0" xadvance="7"/>
    <char id="34" x="446" y="0" width="3" height="8" xoffset="0" yoffset="0" xadvance="5"/>
    <char id="36" x="450" y="0" width="6" height="8" xoffset="0" yoffset="0" xadvance="8"/>
    <char id="40" x="457" y="0" width="4" height="8" xoffset="0" yoffset="0" xadvance="6"/>
    <char id="41" x="462" y="0" width="4" height="8" xoffset="0" yoffset="0" xadvance="6"/>
    <char id="60" x="467" y="0" width="4" height="8" xoffset="0" yoffset="0" xadvance="6"/>
    <char id="62" x="472" y="0" width="3" height="8" xoffset="0" yoffset="0" xadvance="5"/>
    <char id="123" x="476" y="0" width="4" height="8" xoffset="0" yoffset="0" xadvance="6"/>
    <char id="125" x="481" y="0" width="4" height="8" xoffset="0" yoffset="0" xadvance="6"/>
    <char id="124" x="486" y="0" width="5" height="8" xoffset="0" yoffset="0" xadvance="7"/>
    <char id="124" x="492" y="0" width="1" height="8" xoffset="0" yoffset="0" xadvance="3"/>
    <char id="124" x="494" y="0" width="5" height="8" xoffset="0" yoffset="0" xadvance="7"/>
    <char id="124" x="500" y="0" width="5" height="8" xoffset="0" yoffset="0" xadvance="7"/>
    <char id="124" x="506" y="0" width="5" height="8" xoffset="0" yoffset="0" xadvance="7"/>
    <char id="124" x="512" y="0" width="5" height="8" xoffset="0" yoffset="0" xadvance="7"/>
    <char id="124" x="518" y="0" width="1" height="8" xoffset="0" yoffset="0" xadvance="3"/>
    <char id="124" x="520" y="0" width="5" height="8" xoffset="0" yoffset="0" xadvance="7"/>
    <char id="124" x="526" y="0" width="5" height="8" xoffset="0" yoffset="0" xadvance="7"/>
    <char id="94" x="532" y="0" width="5" height="8" xoffset="0" yoffset="0" xadvance="7"/>
  </chars>
</font>